model,MAE,RMSE,R2
linear_regression,11.625754191635036,14.805799765183702,-0.0007785940055418106
random_forest_regressor,11.632439424548258,14.861226134732084,-0.008285564484437069
gradient_boosting_regressor,11.700831299506223,14.945632922532315,-0.01977153907543161
decision_tree_regressor,12.552965163459673,16.64447879314499,-0.2647790537154151
