model,MAE,RMSE,R2
linear_regression,11.625754191635036,14.805799765183702,-0.0007785940055418106
