mean_fit_time,std_fit_time,mean_score_time,std_score_time,param_model__fit_intercept,params,split0_test_score,split1_test_score,split2_test_score,split3_test_score,split4_test_score,mean_test_score,std_test_score,rank_test_score,split0_train_score,split1_train_score,split2_train_score,split3_train_score,split4_train_score,mean_train_score,std_train_score
0.017439556121826173,0.0027519485304454646,0.0073277950286865234,0.0015880819625798553,False,{'model__fit_intercept': False},-15.656470553965752,-14.108311203999957,-15.536953534620382,-14.655836776339932,-14.771264335468501,-14.945767280878902,0.5780041496580882,1,-14.460900900062093,-14.822066745591158,-14.484167396517094,-14.682073654201428,-14.659587339908768,-14.621759207256108,0.13416319273177676
0.016391849517822264,0.002102754003492243,0.007188320159912109,0.0015193190084489237,True,{'model__fit_intercept': True},-15.65647055396575,-14.108311203999959,-15.53695353462038,-14.655836776339942,-14.771264335468501,-14.945767280878906,0.5780041496580858,2,-14.460900900062093,-14.822066745591158,-14.484167396517094,-14.682073654201428,-14.65958733990877,-14.621759207256108,0.13416319273177688
