model,MAE,RMSE,R2
linear_regression_optimized,11.625754191635037,14.805799765183705,-0.0007785940055420326
