mean_fit_time,std_fit_time,mean_score_time,std_score_time,param_model__fit_intercept,params,split0_test_score,split1_test_score,split2_test_score,split3_test_score,split4_test_score,mean_test_score,std_test_score,rank_test_score,split0_train_score,split1_train_score,split2_train_score,split3_train_score,split4_train_score,mean_train_score,std_train_score
0.018053770065307617,0.0025316334754923162,0.00780634880065918,0.001161704036708951,False,{'model__fit_intercept': False},-15.656470553965752,-14.108311203999957,-15.536953534620382,-14.655836776339932,-14.771264335468501,-14.945767280878902,0.5780041496580882,1,-14.460900900062093,-14.822066745591158,-14.484167396517094,-14.682073654201428,-14.659587339908768,-14.621759207256108,0.13416319273177676
0.01706418991088867,0.0026802284710534634,0.0067714214324951175,0.0010205499366429233,True,{'model__fit_intercept': True},-15.65647055396575,-14.108311203999959,-15.53695353462038,-14.655836776339942,-14.771264335468501,-14.945767280878906,0.5780041496580858,2,-14.460900900062093,-14.822066745591158,-14.484167396517094,-14.682073654201428,-14.65958733990877,-14.621759207256108,0.13416319273177688
