version,model,MAE,RMSE,R2
base,linear_regression,11.625754191635036,14.805799765183702,-0.0007785940055418106
optimized,linear_regression_optimized,11.625754191635037,14.805799765183705,-0.0007785940055420326
